Age,Gender,Sleep_Hours,Screen_Time_Hours,Study_Hours,Physical_Activity_Minutes,Diet_Quality,Mood_Rating,Stress_Level,Mental_Health_Status
24,Female,6.8,3.2,5.3,97,Good,9,8,Healthy
21,Male,4.5,5.8,3.0,64,Poor,8,6,Unhealthy
22,Male,7.1,3.0,2.2,30,Average,10,7,Healthy
24,Male,7.4,7.5,2.4,29,Poor,9,7,Unhealthy
20,Male,7.3,6.2,3.3,111,Poor,1,6,Healthy
25,Male,8.1,3.1,3.5,17,Average,9,10,Healthy
22,Female,7.8,5.4,2.8,118,Average,3,9,Healthy
22,Male,7.2,4.5,2.1,16,Average,10,9,Healthy
24,Female,6.4,6.6,3.3,37,Average,9,7,Unhealthy
19,Female,4.0,8.7,4.3,13,Poor,1,9,Unhealthy
20,Male,7.1,2.2,4.9,86,Average,1,10,Unhealthy
24,Male,6.8,6.2,3.2,88,Good,9,3,Healthy
20,Female,6.9,5.7,3.4,78,Good,6,3,Unhealthy
20,Male,4.6,7.3,2.6,109,Average,4,1,Unhealthy
25,Male,4.9,6.4,4.0,55,Average,7,5,Healthy
22,Female,8.1,4.5,2.7,21,Good,5,4,Healthy
21,Female,6.4,5.4,4.9,66,Poor,10,2,Unhealthy
25,Male,7.5,4.4,1.3,55,Good,7,9,Unhealthy
25,Female,6.5,8.2,3.5,118,Good,8,3,Unhealthy
20,Male,6.5,6.0,4.5,18,Poor,8,8,Unhealthy
23,Male,7.9,9.8,4.3,56,Poor,1,6,Unhealthy
22,Male,5.7,5.9,8.0,43,Good,8,5,Healthy
19,Female,6.6,4.6,4.5,97,Average,6,1,Healthy
25,Female,5.8,3.0,2.5,34,Poor,4,4,Healthy
21,Female,5.8,2.4,3.9,113,Average,8,3,Unhealthy
23,Female,6.0,2.8,1.3,0,Average,3,1,Unhealthy
23,Female,6.8,6.5,3.9,51,Average,4,5,Unhealthy
19,Male,5.8,7.0,2.8,84,Good,6,6,Unhealthy
25,Male,8.4,2.8,5.4,92,Good,7,2,Healthy
21,Male,5.2,7.8,3.2,69,Average,4,3,Unhealthy
22,Male,6.2,5.0,3.8,36,Average,4,6,Unhealthy
18,Female,5.8,6.3,3.0,64,Average,7,4,Healthy
21,Male,8.7,9.2,6.6,50,Average,6,9,Unhealthy
19,Female,6.8,7.8,3.5,0,Poor,8,5,Unhealthy
23,Male,8.0,5.5,6.7,90,Good,1,4,Healthy
22,Female,4.3,4.2,5.2,20,Good,10,2,Unhealthy
21,Female,6.9,1.7,4.7,52,Average,7,6,Unhealthy
18,Male,7.8,4.6,4.6,15,Average,7,10,Healthy
18,Male,6.6,5.6,4.6,107,Average,7,2,Healthy
20,Male,8.1,4.0,1.1,60,Average,7,7,Unhealthy
20,Male,5.7,5.7,3.6,53,Average,10,3,Unhealthy
24,Female,8.6,6.2,5.3,39,Average,10,9,Unhealthy
19,Male,9.9,5.6,3.9,25,Good,8,5,Healthy
25,Male,6.0,4.7,1.9,79,Average,9,8,Healthy
21,Female,5.8,6.3,3.9,91,Average,9,6,Healthy
21,Male,8.7,6.9,6.6,64,Good,2,10,Healthy
25,Male,8.9,3.8,5.9,99,Poor,7,8,Healthy
24,Male,5.7,8.8,3.9,73,Average,7,3,Unhealthy
23,Male,5.9,5.8,5.4,63,Average,4,3,Healthy
23,Male,6.1,6.0,3.5,42,Average,9,5,Healthy
24,Female,4.5,7.4,1.4,16,Good,8,10,Healthy
23,Male,5.1,6.5,2.6,58,Average,1,3,Healthy
20,Male,5.0,7.9,6.3,22,Good,2,8,Unhealthy
21,Male,5.3,6.6,3.6,6,Average,2,10,Unhealthy
24,Male,6.4,4.8,3.6,43,Average,8,8,Unhealthy
21,Male,6.9,6.7,3.6,52,Good,1,2,Unhealthy
25,Female,8.8,3.7,6.9,70,Average,4,4,Unhealthy
18,Male,5.0,6.2,6.4,107,Average,10,10,Healthy
20,Female,8.0,5.9,7.3,78,Average,5,1,Healthy
22,Female,6.2,5.6,3.8,33,Average,9,4,Healthy
20,Male,6.4,5.7,4.4,45,Poor,7,4,Healthy
24,Male,7.5,2.2,1.7,108,Average,8,10,Unhealthy
22,Male,4.8,4.9,6.2,67,Average,9,9,Healthy
18,Male,7.1,6.2,2.2,77,Average,7,3,Healthy
24,Female,6.7,6.3,4.3,77,Good,5,2,Unhealthy
19,Male,7.2,3.9,2.4,15,Average,5,9,Healthy
21,Male,6.9,8.5,3.1,70,Good,10,9,Unhealthy
18,Male,10.2,4.3,2.7,95,Poor,6,1,Unhealthy
21,Male,5.5,7.9,3.1,18,Average,5,6,Unhealthy
23,Male,5.7,6.9,3.2,1,Good,9,10,Unhealthy
19,Male,5.6,4.7,3.2,9,Average,3,8,Unhealthy
19,Female,5.7,9.6,5.3,49,Good,3,3,Unhealthy
18,Female,5.5,3.6,2.3,80,Average,7,9,Unhealthy
19,Male,8.3,7.8,4.3,100,Poor,7,2,Healthy
22,Male,8.6,8.0,5.8,11,Average,6,6,Healthy
19,Male,5.6,4.7,3.2,69,Average,3,1,Healthy
21,Female,5.3,8.8,2.9,21,Good,7,7,Unhealthy
21,Male,7.2,5.5,3.7,31,Average,5,3,Unhealthy
24,Female,5.7,6.6,5.8,104,Good,7,7,Healthy
21,Male,7.4,6.5,4.3,83,Good,2,4,Healthy
24,Male,6.8,5.7,3.2,0,Average,6,9,Unhealthy
21,Male,4.2,7.6,4.7,53,Average,8,5,Healthy
22,Male,8.8,7.6,2.3,110,Good,1,3,Healthy
25,Female,9.2,2.5,5.0,116,Good,4,8,Healthy
24,Female,5.6,8.6,4.6,57,Average,1,6,Unhealthy
20,Male,5.9,2.7,3.5,69,Average,1,2,Healthy
23,Male,6.9,8.1,2.7,82,Average,10,3,Unhealthy
18,Female,7.0,8.3,2.7,17,Average,8,8,Healthy
21,Female,7.5,3.8,4.8,5,Average,7,10,Unhealthy
19,Female,9.5,5.2,5.8,44,Good,10,7,Unhealthy
25,Female,6.2,3.8,3.0,96,Poor,1,10,Healthy
21,Male,5.3,5.6,4.7,22,Poor,2,6,Unhealthy
19,Female,4.4,5.4,0.9,22,Average,4,1,Healthy
23,Male,5.4,7.6,3.1,25,Average,1,9,Unhealthy
23,Female,6.5,8.6,4.0,76,Average,3,3,Healthy
23,Female,9.2,8.8,2.6,6,Average,8,5,Unhealthy
19,Female,5.7,4.9,2.6,78,Average,8,7,Healthy
21,Female,6.8,5.6,3.0,43,Poor,8,7,Unhealthy
23,Female,6.5,2.6,4.4,26,Average,6,3,Healthy
22,Male,8.3,4.4,3.7,25,Good,6,4,Healthy
24,Male,10.3,7.9,0.6,96,Average,5,10,Healthy
19,Female,5.7,9.2,0.8,78,Average,9,7,Unhealthy
19,Female,5.8,3.5,3.1,35,Average,4,8,Unhealthy
21,Male,8.1,4.8,4.7,108,Good,10,2,Healthy
19,Female,7.5,5.9,-0.1,54,Average,7,9,Healthy
19,Female,9.3,6.6,3.3,63,Average,1,7,Unhealthy
23,Male,7.4,4.4,3.2,90,Good,9,8,Healthy
21,Female,6.0,6.8,6.1,56,Average,7,6,Healthy
23,Female,7.4,5.1,3.4,68,Poor,10,6,Unhealthy
24,Male,8.2,6.0,4.6,60,Average,9,9,Unhealthy
25,Male,7.7,7.1,4.2,1,Poor,7,4,Healthy
24,Male,7.3,6.0,0.8,54,Average,2,5,Unhealthy
25,Female,8.1,5.1,5.2,96,Good,6,9,Healthy
23,Male,8.3,5.8,4.3,79,Average,10,1,Healthy
24,Male,8.6,5.8,4.8,86,Good,4,4,Unhealthy
21,Male,7.5,5.3,9.9,37,Poor,3,7,Unhealthy
18,Male,6.2,5.5,0.9,118,Good,2,9,Unhealthy
23,Male,6.7,9.2,6.6,79,Average,6,10,Unhealthy
25,Male,8.3,7.1,3.6,77,Average,8,6,Healthy
22,Female,5.3,5.4,4.4,28,Poor,6,8,Unhealthy
25,Female,7.1,7.4,3.9,25,Good,9,9,Unhealthy
22,Male,5.9,5.3,3.4,34,Poor,5,10,Healthy
19,Male,6.5,8.3,3.1,78,Poor,2,4,Healthy
24,Male,8.4,6.7,4.5,66,Average,8,1,Healthy
22,Female,6.8,5.8,1.7,86,Average,9,8,Unhealthy
25,Female,6.6,6.9,5.1,28,Average,10,2,Unhealthy
19,Female,4.5,2.9,3.4,33,Poor,4,1,Healthy
18,Female,7.6,3.7,2.3,96,Average,6,7,Unhealthy
21,Female,7.5,3.6,3.3,40,Average,10,10,Unhealthy
21,Female,9.7,6.3,5.9,40,Average,8,9,Healthy
21,Female,6.0,9.5,3.2,22,Average,9,9,Healthy
22,Female,6.8,10.5,4.5,70,Good,5,3,Unhealthy
18,Female,6.9,7.3,2.9,2,Average,6,6,Healthy
22,Male,8.9,7.0,5.1,57,Average,4,7,Healthy
24,Male,6.4,2.4,5.0,31,Average,5,10,Unhealthy
22,Male,6.9,4.9,6.8,30,Good,7,9,Unhealthy
18,Male,7.4,4.4,3.7,81,Good,9,2,Healthy
18,Female,6.8,4.8,5.0,42,Good,10,8,Unhealthy
24,Female,5.8,5.7,4.1,6,Average,6,7,Unhealthy
18,Male,6.8,5.1,5.9,104,Poor,6,4,Healthy
25,Female,8.1,2.0,2.9,0,Average,8,2,Healthy
18,Male,5.0,7.5,5.1,60,Average,4,8,Unhealthy
21,Female,6.7,3.9,3.7,13,Average,3,5,Healthy
25,Male,5.4,6.5,3.9,51,Good,7,6,Unhealthy
25,Female,8.3,10.1,4.1,95,Good,5,7,Healthy
24,Female,4.2,4.2,4.4,5,Good,2,10,Unhealthy
20,Male,5.7,0.9,3.8,102,Average,2,1,Unhealthy
20,Female,7.1,5.4,4.3,9,Average,6,8,Healthy
18,Male,8.8,8.2,6.4,70,Average,8,4,Healthy
25,Male,6.4,9.9,5.5,89,Poor,1,9,Healthy
20,Male,5.7,3.5,5.3,97,Good,6,1,Unhealthy
20,Male,9.3,7.0,3.3,29,Poor,2,2,Healthy
18,Female,4.3,5.1,2.7,99,Average,2,6,Healthy
20,Female,3.2,5.8,5.4,20,Average,7,10,Healthy
22,Female,7.2,11.3,5.3,59,Average,10,1,Healthy
19,Male,5.7,3.0,6.2,80,Good,1,4,Unhealthy
24,Female,5.0,6.5,3.1,96,Average,6,8,Healthy
19,Male,7.6,6.9,3.7,73,Good,7,10,Healthy
18,Female,6.9,8.2,1.5,114,Average,8,5,Healthy
21,Female,5.7,6.2,3.4,62,Average,7,9,Unhealthy
24,Female,4.6,6.6,5.5,110,Good,6,6,Healthy
18,Male,7.8,5.2,3.3,41,Average,9,1,Healthy
25,Female,7.5,6.5,5.0,50,Good,3,6,Healthy
21,Female,6.4,5.3,3.7,63,Average,6,6,Healthy
19,Male,9.3,7.2,4.5,75,Average,4,6,Unhealthy
18,Female,4.9,5.3,2.3,55,Average,2,8,Unhealthy
25,Male,4.2,6.8,4.1,79,Good,1,6,Unhealthy
24,Female,5.5,5.9,-0.5,40,Poor,1,5,Unhealthy
24,Male,6.4,8.3,3.7,31,Good,10,2,Unhealthy
23,Male,6.9,5.9,1.6,14,Average,3,4,Unhealthy
25,Female,6.1,2.5,5.8,61,Average,4,10,Healthy
22,Male,7.0,8.5,5.2,26,Average,2,5,Unhealthy
20,Male,4.6,4.2,4.7,27,Average,1,10,Unhealthy
21,Male,8.7,4.7,6.3,80,Average,4,4,Unhealthy
25,Male,6.4,4.8,2.6,63,Good,7,2,Unhealthy
23,Male,8.2,8.7,6.6,109,Average,10,7,Healthy
20,Male,7.0,1.7,5.4,58,Average,6,10,Unhealthy
20,Female,7.2,12.3,3.6,113,Average,6,10,Healthy
18,Male,7.4,8.1,5.7,57,Poor,9,2,Healthy
20,Male,7.2,6.4,2.3,1,Average,2,1,Unhealthy
22,Female,7.5,5.9,2.8,35,Average,4,5,Healthy
24,Female,8.5,6.6,3.1,113,Average,5,1,Healthy
23,Female,6.8,7.0,3.2,70,Poor,1,1,Healthy
20,Female,7.6,7.3,2.4,12,Average,8,1,Healthy
18,Female,6.4,7.1,5.8,14,Average,8,6,Healthy
22,Female,8.7,6.2,3.6,88,Average,6,9,Unhealthy
19,Female,5.5,5.6,4.5,86,Average,5,10,Healthy
24,Male,9.2,5.7,3.1,59,Poor,8,1,Healthy
24,Male,6.4,5.6,1.3,21,Good,3,5,Healthy
23,Female,4.4,8.3,4.4,62,Good,3,9,Unhealthy
24,Male,6.7,7.2,1.1,89,Good,2,9,Unhealthy
20,Male,5.5,0.1,3.9,96,Poor,5,1,Healthy
18,Male,7.8,7.3,1.9,74,Good,3,8,Unhealthy
24,Female,5.5,6.4,7.0,73,Good,3,1,Healthy
24,Female,5.8,6.0,5.4,24,Good,6,8,Healthy
19,Male,3.7,5.2,4.2,100,Poor,8,1,Unhealthy
19,Female,5.8,8.2,5.9,47,Average,2,5,Unhealthy
21,Male,2.9,7.9,2.7,42,Good,4,8,Unhealthy
22,Male,4.1,4.5,4.8,116,Average,7,6,Healthy
20,Male,7.6,6.8,4.3,37,Average,1,9,Unhealthy
24,Male,7.7,4.1,4.4,40,Average,1,1,Unhealthy
25,Female,7.1,3.2,5.9,44,Average,10,9,Unhealthy
24,Female,5.0,4.7,5.1,87,Poor,7,1,Healthy
18,Female,6.4,7.7,4.4,39,Average,7,10,Healthy
21,Male,6.5,7.9,1.5,109,Poor,1,10,Unhealthy
22,Female,4.8,7.0,2.6,119,Average,1,3,Unhealthy
25,Male,8.8,7.5,3.8,96,Average,4,1,Healthy
21,Female,7.8,7.0,4.1,16,Average,5,3,Unhealthy
23,Male,6.2,4.7,2.3,87,Poor,5,2,Healthy
22,Male,6.5,6.9,7.6,100,Average,4,2,Healthy
24,Male,6.8,7.6,6.3,56,Good,8,9,Healthy
24,Female,3.4,7.5,4.9,1,Poor,7,8,Unhealthy
22,Female,6.1,8.4,4.1,95,Poor,9,1,Healthy
24,Female,5.5,7.4,3.7,61,Poor,7,4,Unhealthy
20,Female,5.0,6.7,2.6,87,Good,10,1,Unhealthy
22,Male,6.1,8.1,4.1,8,Average,1,1,Unhealthy
21,Female,9.2,5.9,4.4,67,Average,7,4,Unhealthy
22,Female,7.5,4.2,2.1,80,Poor,1,2,Unhealthy
25,Male,5.6,5.7,4.5,16,Average,7,3,Unhealthy
24,Male,7.4,4.5,3.8,116,Good,10,9,Healthy
20,Male,8.6,4.6,1.1,49,Good,8,2,Healthy
20,Female,7.9,5.7,2.7,111,Average,9,4,Healthy
23,Male,6.6,4.4,3.4,93,Poor,3,1,Healthy
21,Male,5.5,5.4,6.8,39,Poor,4,2,Healthy
19,Male,7.5,2.2,4.8,57,Poor,4,5,Unhealthy
19,Female,7.1,6.4,2.0,74,Average,9,10,Healthy
22,Male,7.8,6.0,4.7,84,Poor,7,1,Healthy
23,Female,7.5,4.4,1.7,20,Average,3,7,Unhealthy
18,Female,8.1,7.3,5.6,17,Average,10,4,Unhealthy
22,Male,5.7,7.9,3.3,54,Good,5,6,Unhealthy
23,Male,8.5,2.8,3.9,28,Average,7,8,Healthy
21,Female,6.8,4.5,6.0,23,Good,8,6,Unhealthy
21,Male,9.6,4.5,2.1,73,Good,1,2,Healthy
21,Male,5.5,4.1,1.9,108,Poor,2,1,Healthy
21,Female,9.1,7.7,3.1,16,Good,7,8,Unhealthy
21,Female,6.8,5.6,5.6,17,Average,2,8,Unhealthy
23,Male,5.5,5.5,1.7,41,Average,7,9,Healthy
23,Female,5.8,2.0,-0.2,111,Average,9,6,Unhealthy
20,Male,6.0,7.3,3.3,83,Good,2,1,Healthy
25,Male,7.1,3.5,4.8,100,Average,7,9,Healthy
19,Male,7.3,6.1,5.8,44,Average,4,3,Healthy
24,Female,5.6,6.6,3.3,81,Good,2,6,Unhealthy
21,Male,6.5,8.7,3.4,16,Poor,7,10,Unhealthy
18,Male,9.7,3.4,5.7,72,Average,5,10,Healthy
24,Male,9.1,-0.0,1.2,13,Good,1,9,Healthy
23,Female,7.2,6.4,3.4,48,Good,5,3,Unhealthy
18,Female,6.6,9.6,4.3,28,Good,3,5,Healthy
18,Female,6.7,8.5,4.7,94,Good,7,5,Healthy
18,Female,7.4,6.4,3.2,3,Poor,6,10,Unhealthy
20,Female,5.0,5.0,4.1,81,Good,8,7,Healthy
23,Male,6.1,7.6,0.3,19,Average,5,4,Unhealthy
18,Female,4.0,4.1,3.0,119,Average,2,4,Healthy
21,Female,7.1,7.0,4.7,119,Poor,9,7,Unhealthy
22,Female,7.5,7.0,2.5,46,Average,8,9,Healthy
18,Male,5.8,8.1,4.1,106,Good,6,4,Unhealthy
20,Female,8.9,11.5,4.7,107,Good,10,4,Healthy
24,Female,4.7,6.8,3.5,8,Average,7,6,Unhealthy
23,Male,4.3,5.0,4.3,76,Poor,9,6,Unhealthy
25,Female,6.8,5.9,2.6,78,Average,7,7,Healthy
20,Male,8.1,2.5,3.7,26,Good,3,1,Healthy
18,Male,9.0,4.6,4.9,14,Good,6,3,Unhealthy
23,Male,5.8,5.2,4.2,91,Average,7,9,Unhealthy
22,Male,8.1,5.0,3.1,100,Poor,2,6,Healthy
18,Male,6.4,6.3,4.3,118,Average,3,6,Healthy
20,Female,6.2,4.4,5.1,18,Average,4,5,Unhealthy
19,Male,7.8,8.2,0.9,89,Good,10,3,Healthy
21,Male,7.5,6.0,5.7,51,Average,6,5,Healthy
25,Female,4.1,6.0,3.5,25,Average,1,1,Unhealthy
24,Male,8.7,5.3,4.6,88,Average,9,3,Healthy
20,Female,8.6,6.3,5.8,25,Poor,5,4,Unhealthy
23,Female,5.6,7.7,1.9,25,Good,7,5,Unhealthy
25,Female,7.1,4.3,2.9,45,Average,9,10,Healthy
25,Male,7.2,4.7,3.6,91,Average,9,9,Healthy
25,Male,6.9,5.4,2.8,48,Average,1,4,Unhealthy
18,Male,5.7,3.3,6.6,81,Average,1,3,Unhealthy
21,Female,5.5,4.4,2.7,95,Average,3,10,Unhealthy
18,Male,6.5,5.0,3.2,52,Good,6,1,Unhealthy
23,Male,8.3,7.7,4.3,2,Average,2,10,Healthy
18,Male,7.3,6.5,2.2,65,Average,10,6,Healthy
19,Female,5.9,6.4,3.4,96,Poor,1,7,Healthy
21,Female,7.7,7.7,4.5,41,Average,1,10,Unhealthy
21,Male,2.2,5.7,3.5,18,Poor,5,8,Healthy
23,Male,8.2,6.8,3.9,16,Average,4,1,Healthy
24,Male,3.9,5.8,3.2,107,Good,1,4,Healthy
19,Male,6.0,6.5,1.7,32,Good,4,5,Healthy
20,Female,4.8,4.8,4.5,75,Average,3,2,Unhealthy
18,Female,4.6,1.1,6.6,48,Average,2,1,Unhealthy
22,Female,8.2,5.7,4.0,55,Poor,9,8,Healthy
18,Female,5.8,8.8,4.3,62,Average,1,6,Healthy
25,Male,7.0,7.9,5.0,2,Good,7,5,Healthy
18,Male,6.4,7.9,2.1,106,Average,4,9,Healthy
20,Male,7.2,8.5,6.6,48,Average,5,2,Healthy
18,Female,6.6,6.2,4.3,54,Good,10,10,Unhealthy
19,Male,4.6,6.4,6.4,25,Good,5,8,Healthy
19,Female,8.0,4.8,2.9,98,Average,1,10,Healthy
21,Female,5.8,5.4,6.7,71,Average,6,9,Healthy
23,Male,4.2,7.2,5.2,51,Poor,9,1,Unhealthy
24,Male,5.9,8.4,4.8,99,Poor,2,7,Unhealthy
22,Male,8.8,5.7,4.4,116,Good,7,8,Unhealthy
25,Female,7.8,5.1,3.6,117,Good,6,3,Unhealthy
18,Male,6.0,6.0,5.8,6,Good,5,4,Unhealthy
18,Female,6.0,7.2,4.2,45,Poor,4,3,Healthy
20,Male,6.0,3.1,1.0,45,Good,4,7,Unhealthy
23,Female,9.6,1.4,2.3,99,Average,6,9,Healthy
19,Female,7.1,4.9,3.7,15,Average,4,3,Healthy
22,Male,7.1,3.6,4.5,23,Average,5,6,Unhealthy
21,Female,8.0,5.0,3.9,60,Poor,6,8,Healthy
19,Female,6.9,5.7,5.8,53,Good,5,6,Unhealthy
25,Male,6.1,5.1,1.1,61,Average,7,2,Healthy
23,Female,6.2,8.9,4.2,0,Poor,9,7,Unhealthy
25,Male,6.4,6.7,1.3,48,Poor,10,2,Unhealthy
24,Female,6.4,6.6,5.1,24,Poor,7,2,Unhealthy
21,Male,7.6,7.2,3.9,9,Poor,7,2,Healthy
24,Male,6.6,3.7,4.6,117,Average,4,1,Unhealthy
20,Female,7.6,8.1,2.7,79,Good,1,1,Unhealthy
25,Female,6.4,5.8,5.9,15,Poor,8,7,Unhealthy
20,Female,6.6,7.3,5.6,57,Poor,4,5,Healthy
18,Female,3.5,3.9,4.9,71,Average,1,3,Healthy
24,Female,7.9,2.9,3.8,28,Good,5,1,Unhealthy
23,Male,7.0,7.6,4.9,102,Average,8,10,Unhealthy
25,Female,8.0,6.8,2.9,91,Average,4,6,Unhealthy
22,Male,2.2,4.2,5.3,5,Average,8,1,Unhealthy
21,Male,9.6,4.3,6.5,15,Average,8,9,Unhealthy
19,Female,6.3,8.3,5.6,19,Poor,3,2,Healthy
23,Male,8.2,3.6,2.9,79,Good,9,1,Healthy
23,Male,4.9,9.3,4.5,70,Average,3,7,Healthy
20,Male,7.4,4.2,2.1,104,Average,1,6,Healthy
24,Male,4.9,7.3,4.9,77,Good,2,6,Healthy
25,Female,5.6,5.3,4.7,42,Average,6,5,Unhealthy
25,Male,9.4,7.2,1.2,25,Average,10,4,Unhealthy
18,Female,6.2,4.9,2.3,89,Average,2,4,Unhealthy
18,Female,6.8,5.7,3.6,77,Poor,6,3,Healthy
21,Male,7.8,6.1,3.5,70,Poor,1,10,Healthy
20,Female,7.2,4.0,2.2,32,Average,1,8,Healthy
23,Female,6.7,7.5,4.6,25,Good,5,7,Unhealthy
25,Female,7.0,5.0,4.4,44,Good,10,9,Healthy
22,Male,10.1,5.5,3.7,83,Average,9,1,Healthy
20,Female,6.4,4.0,2.9,62,Poor,8,7,Healthy
21,Female,6.8,0.9,5.6,66,Poor,3,10,Healthy
21,Female,8.1,5.6,6.5,51,Good,3,4,Healthy
20,Male,8.2,10.8,3.3,67,Average,1,7,Unhealthy
21,Female,8.3,7.6,3.1,25,Average,3,1,Healthy
20,Male,7.5,6.0,4.7,74,Good,1,5,Healthy
19,Male,4.8,5.5,3.5,1,Good,8,3,Healthy
20,Male,9.0,6.0,3.8,13,Good,1,5,Healthy
24,Male,4.8,7.1,5.1,107,Poor,5,4,Unhealthy
20,Male,7.0,3.6,1.1,29,Good,9,2,Unhealthy
21,Male,5.4,8.2,6.0,48,Good,7,4,Healthy
25,Female,6.4,7.4,4.1,11,Average,4,3,Unhealthy
24,Male,7.0,7.4,3.4,89,Average,9,1,Healthy
21,Female,7.0,6.9,3.9,43,Average,9,10,Unhealthy
18,Female,7.1,6.0,3.9,32,Good,2,8,Healthy
18,Male,8.9,7.3,1.4,12,Poor,10,5,Healthy
25,Female,7.2,7.2,6.2,77,Average,10,4,Unhealthy
25,Female,6.1,5.3,4.1,87,Poor,6,10,Unhealthy
24,Female,7.9,4.9,4.7,97,Good,4,5,Unhealthy
19,Female,8.3,6.2,5.4,107,Poor,8,4,Healthy
25,Male,4.7,9.1,2.5,25,Average,7,3,Healthy
18,Female,7.4,3.5,4.7,20,Average,7,5,Unhealthy
20,Male,7.6,3.1,3.6,27,Good,10,4,Healthy
21,Female,6.1,6.3,5.3,47,Average,9,1,Healthy
18,Female,8.6,6.1,0.8,99,Poor,5,3,Healthy
18,Male,6.3,6.3,3.9,39,Good,6,10,Healthy
19,Female,6.7,6.5,3.1,65,Average,1,10,Healthy
24,Female,6.2,5.6,4.6,105,Good,6,8,Healthy
24,Female,6.5,9.0,4.7,72,Poor,2,7,Healthy
23,Male,4.9,2.8,2.9,86,Average,6,2,Unhealthy
19,Female,4.3,4.3,2.9,78,Average,9,1,Healthy
20,Male,8.9,5.8,3.8,76,Poor,8,3,Healthy
24,Female,5.2,2.7,2.7,22,Average,9,5,Healthy
21,Male,5.0,5.6,5.3,80,Average,10,10,Unhealthy
25,Male,3.3,9.3,3.4,47,Good,8,1,Unhealthy
19,Female,5.5,6.0,-0.4,1,Average,3,3,Healthy
25,Female,4.5,6.5,3.4,83,Average,8,3,Unhealthy
18,Male,9.0,3.5,2.4,19,Average,6,5,Healthy
21,Male,8.0,4.8,1.6,58,Good,6,3,Unhealthy
21,Female,5.5,5.2,2.1,45,Average,6,9,Healthy
18,Male,9.9,5.4,4.2,2,Average,3,1,Healthy
19,Female,8.0,8.6,6.0,54,Average,10,4,Unhealthy
18,Female,6.0,7.1,4.5,11,Average,1,10,Unhealthy
25,Female,2.8,3.8,3.1,39,Average,4,10,Unhealthy
23,Female,9.9,6.5,4.7,65,Good,10,4,Healthy
21,Male,4.4,7.0,3.3,99,Average,6,1,Healthy
22,Female,4.0,8.3,3.0,77,Good,10,2,Healthy
22,Male,8.0,9.2,2.3,15,Poor,2,1,Unhealthy
25,Female,10.2,4.0,1.4,82,Average,7,6,Healthy
20,Male,8.6,4.4,3.4,33,Good,7,3,Healthy
24,Female,7.3,3.5,4.2,43,Poor,4,7,Healthy
18,Male,7.4,5.5,3.9,109,Good,4,5,Healthy
18,Male,7.8,6.9,3.4,5,Average,1,9,Unhealthy
20,Female,7.6,8.0,2.6,76,Good,2,7,Unhealthy
20,Female,6.9,5.8,4.9,63,Average,9,4,Unhealthy
25,Female,6.7,5.4,2.0,99,Average,10,5,Healthy
25,Female,6.4,6.3,5.2,21,Poor,8,5,Unhealthy
20,Male,5.4,4.3,2.5,17,Average,8,5,Unhealthy
21,Female,6.1,10.2,2.9,11,Poor,9,10,Unhealthy
25,Male,4.0,2.8,1.8,51,Poor,7,9,Healthy
23,Male,6.4,6.4,3.2,117,Poor,9,10,Healthy
25,Female,5.0,10.0,5.5,93,Average,10,3,Unhealthy
18,Male,4.8,6.0,4.8,116,Good,2,6,Healthy
25,Male,6.8,5.6,5.5,50,Poor,6,8,Unhealthy
21,Male,8.6,5.3,4.8,103,Poor,3,9,Unhealthy
20,Male,7.9,5.6,2.3,70,Average,6,7,Unhealthy
18,Female,4.1,8.7,3.5,95,Poor,3,3,Unhealthy
25,Female,5.0,1.6,2.8,47,Poor,8,1,Unhealthy
21,Female,7.9,9.1,6.0,18,Poor,4,4,Healthy
23,Female,5.0,3.2,2.2,5,Good,10,6,Healthy
25,Male,6.2,5.5,5.3,83,Good,6,3,Healthy
21,Male,7.3,5.1,5.3,26,Average,9,1,Healthy
23,Female,5.0,7.2,6.7,52,Average,2,6,Unhealthy
20,Female,6.7,2.8,3.4,106,Average,2,1,Healthy
25,Female,4.5,6.9,5.1,100,Average,7,9,Healthy
23,Male,5.6,10.0,7.4,47,Average,2,1,Unhealthy
18,Female,7.0,3.3,3.1,6,Average,2,6,Unhealthy
20,Female,4.1,6.4,1.7,58,Average,4,1,Unhealthy
18,Female,7.2,4.7,1.2,68,Poor,9,7,Unhealthy
22,Male,6.5,6.9,5.1,10,Average,8,3,Unhealthy
19,Male,7.3,6.0,1.2,14,Good,2,6,Unhealthy
25,Male,6.8,4.7,3.4,63,Average,8,7,Unhealthy
23,Male,8.5,7.0,4.7,2,Good,4,1,Unhealthy
19,Male,6.7,9.6,4.3,68,Good,2,1,Unhealthy
19,Male,5.9,5.6,4.6,22,Poor,10,5,Unhealthy
23,Male,6.7,7.4,4.3,52,Average,7,6,Unhealthy
20,Male,7.3,3.4,5.9,36,Average,6,9,Healthy
25,Female,6.6,4.1,2.6,8,Good,10,1,Healthy
22,Female,6.6,6.9,3.0,14,Good,5,4,Healthy
18,Male,5.4,9.0,2.8,2,Average,1,10,Unhealthy
21,Male,5.5,6.7,5.2,92,Average,2,8,Unhealthy
18,Female,4.4,5.4,5.4,69,Good,8,10,Healthy
21,Male,9.1,6.0,4.7,16,Poor,1,9,Healthy
18,Male,4.6,3.5,5.8,25,Good,3,3,Healthy
23,Male,5.5,7.2,2.2,20,Good,2,2,Healthy
22,Female,5.4,7.8,6.5,71,Average,5,4,Unhealthy
25,Female,7.8,5.1,6.3,20,Average,4,2,Unhealthy
21,Female,6.1,5.1,5.1,10,Average,7,1,Healthy
25,Female,8.4,6.5,6.7,37,Average,5,3,Unhealthy
25,Female,5.5,5.1,1.5,71,Average,8,7,Unhealthy
25,Male,6.9,5.9,3.2,105,Good,4,1,Unhealthy
24,Female,5.2,10.2,2.9,87,Good,6,2,Unhealthy
20,Male,9.7,5.5,5.1,34,Good,4,1,Healthy
18,Male,4.7,5.3,2.4,118,Poor,2,8,Unhealthy
25,Female,7.0,4.7,5.1,13,Good,1,5,Healthy
18,Female,7.5,7.5,6.1,118,Good,1,8,Healthy
25,Male,7.1,5.6,5.0,13,Average,8,3,Healthy
21,Male,6.2,4.7,4.4,9,Poor,4,7,Healthy
20,Male,6.3,8.6,2.5,11,Average,5,8,Unhealthy
20,Female,6.6,8.8,2.7,37,Good,8,6,Healthy
23,Female,6.3,4.8,5.9,107,Average,7,7,Healthy
24,Female,7.9,2.3,5.2,118,Good,8,2,Healthy
23,Female,9.8,8.0,3.9,109,Average,8,8,Healthy
23,Female,5.7,4.6,3.4,33,Good,6,5,Healthy
23,Male,4.4,7.6,1.0,40,Poor,10,7,Unhealthy
23,Female,6.4,2.1,2.4,9,Average,2,1,Unhealthy
23,Male,10.4,7.8,6.9,16,Average,6,5,Healthy
22,Male,5.3,3.6,2.1,16,Poor,1,1,Healthy
20,Male,9.0,7.5,4.3,66,Good,1,8,Healthy
23,Female,9.0,6.0,5.5,61,Average,3,4,Healthy
25,Female,5.7,4.1,2.1,94,Average,3,4,Unhealthy
20,Female,7.4,5.2,4.3,114,Average,5,2,Healthy
20,Male,8.9,7.4,5.4,0,Average,1,5,Unhealthy
19,Male,5.9,6.2,4.0,11,Poor,10,1,Unhealthy
22,Male,6.2,7.2,8.3,102,Poor,6,9,Healthy
23,Male,5.6,10.0,1.5,3,Good,7,5,Healthy
18,Male,5.0,2.9,5.6,41,Average,10,6,Unhealthy
21,Male,5.5,9.2,3.7,12,Good,3,2,Unhealthy
24,Female,4.7,6.2,5.2,97,Good,4,10,Unhealthy
25,Female,6.6,4.2,4.7,105,Average,10,10,Healthy
18,Female,5.3,3.3,2.9,84,Average,10,1,Unhealthy
22,Female,6.9,5.6,4.3,85,Average,10,4,Unhealthy
21,Male,4.2,7.8,1.2,3,Good,10,7,Healthy
22,Male,7.0,5.7,4.9,81,Good,10,6,Unhealthy
25,Female,7.8,9.0,4.4,68,Average,3,10,Healthy
20,Male,3.5,3.1,5.0,18,Good,1,1,Unhealthy
21,Female,7.1,6.0,5.6,1,Poor,8,1,Healthy
20,Female,8.3,3.5,4.6,11,Good,10,8,Unhealthy
25,Female,4.7,6.7,4.2,80,Good,10,4,Unhealthy
18,Male,9.0,7.8,2.7,73,Poor,2,5,Healthy
25,Female,7.1,5.2,2.9,97,Average,1,7,Healthy
18,Female,5.4,0.8,5.8,5,Poor,8,8,Unhealthy
21,Female,6.4,6.4,6.2,7,Average,7,10,Unhealthy
21,Male,7.3,6.9,3.6,50,Good,7,7,Unhealthy
23,Male,6.6,6.8,4.1,10,Average,4,2,Unhealthy
22,Female,7.3,8.5,2.6,62,Poor,9,4,Unhealthy
23,Male,5.1,3.9,5.8,56,Average,6,10,Healthy
22,Male,6.8,7.4,5.0,11,Good,2,1,Healthy
23,Male,4.4,8.4,6.9,72,Average,1,10,Unhealthy
20,Male,6.3,2.4,2.7,1,Average,1,9,Healthy
21,Male,5.1,6.6,3.4,7,Poor,9,3,Unhealthy
18,Male,5.4,5.0,4.3,10,Good,4,3,Unhealthy
22,Male,8.4,5.8,5.0,52,Good,5,10,Unhealthy
25,Male,8.1,6.7,3.7,99,Average,3,9,Healthy
22,Male,7.4,5.0,2.7,9,Poor,4,10,Healthy
18,Male,4.9,4.6,5.3,84,Poor,8,3,Healthy
23,Female,6.0,6.1,5.1,83,Poor,4,8,Unhealthy
22,Female,8.3,3.8,2.6,111,Average,9,2,Healthy
24,Male,6.7,3.8,6.0,7,Good,9,3,Healthy
20,Female,10.0,7.4,5.8,35,Average,6,2,Healthy
21,Female,7.1,3.7,4.2,92,Good,2,1,Healthy
18,Male,6.8,7.3,4.1,105,Average,10,2,Unhealthy
21,Male,6.0,6.9,4.8,75,Good,7,8,Healthy
24,Male,6.7,2.5,2.7,13,Good,9,9,Unhealthy
22,Female,6.3,4.6,4.0,111,Poor,6,2,Unhealthy
22,Female,7.6,8.4,0.8,53,Average,3,7,Unhealthy
25,Male,7.9,4.0,5.3,113,Average,7,5,Unhealthy
24,Male,5.3,5.1,1.7,84,Poor,5,3,Healthy
18,Male,4.5,6.9,6.3,85,Average,1,9,Unhealthy
25,Female,3.7,7.6,3.5,20,Average,3,6,Healthy
20,Female,7.3,5.5,3.7,107,Good,5,1,Unhealthy
25,Female,4.8,4.8,3.1,49,Average,7,5,Unhealthy
19,Female,3.3,8.8,3.6,93,Good,3,7,Unhealthy
18,Male,7.1,9.5,6.1,38,Average,6,4,Unhealthy
19,Male,10.2,8.0,0.3,19,Good,5,8,Healthy
24,Male,6.5,6.2,5.9,87,Average,1,10,Healthy
23,Male,7.8,4.4,4.5,86,Good,10,5,Unhealthy
19,Female,6.6,4.3,2.2,6,Average,6,9,Healthy
20,Female,6.4,7.0,2.4,8,Average,8,9,Healthy
25,Male,7.9,6.8,6.5,0,Average,1,9,Unhealthy
23,Male,6.1,8.8,2.6,25,Average,2,1,Healthy
25,Female,6.9,7.3,2.3,37,Poor,4,2,Healthy
19,Male,7.0,3.0,5.7,37,Poor,2,3,Unhealthy
25,Female,5.5,8.1,4.5,117,Poor,9,4,Unhealthy
24,Male,8.0,4.0,2.6,60,Good,10,10,Healthy
23,Male,6.2,5.2,4.3,43,Average,8,9,Unhealthy
24,Male,5.4,6.5,2.5,85,Average,8,10,Unhealthy
19,Male,7.3,10.0,5.7,43,Good,4,6,Healthy
24,Male,5.2,12.2,5.6,73,Average,5,1,Healthy
20,Male,6.5,7.2,4.8,118,Average,4,9,Healthy
19,Male,6.5,5.6,4.5,61,Poor,9,6,Unhealthy
19,Female,8.1,7.1,6.6,5,Good,2,4,Healthy
19,Female,7.2,7.8,4.0,16,Good,8,4,Unhealthy
18,Female,6.5,5.4,2.2,50,Good,2,3,Unhealthy
25,Female,7.7,9.6,4.7,113,Average,1,7,Unhealthy
18,Female,8.6,6.5,7.1,37,Good,10,3,Healthy
18,Male,7.3,7.0,2.5,23,Poor,3,2,Unhealthy
20,Male,6.5,7.3,3.5,50,Poor,9,10,Unhealthy
23,Female,4.5,6.8,4.6,9,Poor,3,8,Unhealthy
25,Male,4.9,7.7,3.9,119,Average,9,4,Healthy
24,Female,6.0,4.8,2.5,71,Average,7,8,Healthy
22,Female,5.6,4.9,5.7,20,Average,10,1,Unhealthy
19,Male,6.2,3.8,7.5,119,Poor,1,5,Healthy
24,Male,6.6,6.9,4.3,69,Average,10,9,Healthy
19,Male,7.3,7.6,2.6,84,Good,5,1,Unhealthy
20,Female,6.4,6.9,1.7,56,Average,9,4,Unhealthy
19,Male,7.2,9.3,4.4,38,Good,3,6,Healthy
18,Female,6.6,6.0,5.7,87,Average,9,10,Unhealthy
25,Female,3.5,7.3,4.7,32,Good,5,8,Healthy
22,Female,5.1,3.8,4.0,58,Average,9,3,Unhealthy
21,Male,6.3,5.2,3.1,17,Average,10,5,Healthy
19,Male,4.7,7.4,2.4,55,Average,6,7,Unhealthy
24,Female,7.4,7.7,5.3,91,Average,9,1,Healthy
18,Male,8.8,5.4,5.4,56,Good,7,7,Healthy
21,Male,8.3,5.9,1.7,115,Average,7,8,Unhealthy
22,Male,6.2,3.0,6.4,95,Average,8,8,Healthy
21,Female,8.7,5.3,4.9,75,Good,7,9,Healthy
18,Female,6.7,7.8,6.1,47,Average,9,6,Healthy
25,Male,6.0,7.2,2.0,41,Average,9,6,Healthy
25,Female,5.6,7.0,2.0,26,Average,6,2,Healthy
23,Male,6.0,6.1,3.8,73,Average,7,3,Healthy
25,Male,5.9,6.0,4.8,109,Average,2,4,Unhealthy
23,Male,6.8,4.7,6.7,51,Average,9,4,Unhealthy
21,Male,6.7,7.4,5.1,41,Good,1,8,Healthy
20,Female,6.5,6.8,3.6,31,Average,1,1,Unhealthy
24,Female,7.2,7.0,2.5,105,Average,3,10,Healthy
24,Female,8.3,4.9,5.8,25,Average,6,4,Unhealthy
21,Male,7.9,1.7,2.6,24,Good,5,4,Healthy
19,Male,4.3,8.2,6.4,74,Good,2,1,Unhealthy
19,Male,2.7,5.0,3.6,22,Average,9,3,Healthy
25,Female,7.9,4.3,6.4,97,Good,10,5,Unhealthy
24,Male,4.4,7.4,5.0,56,Average,4,6,Healthy
24,Female,6.2,5.2,3.8,51,Average,4,9,Healthy
23,Female,4.7,8.1,3.2,103,Poor,5,9,Healthy
20,Female,3.8,7.2,3.5,86,Average,8,9,Unhealthy
18,Female,7.3,7.4,4.6,92,Average,10,1,Healthy
19,Female,7.6,3.3,4.1,30,Good,4,9,Unhealthy
24,Female,5.6,8.4,3.1,63,Average,5,8,Unhealthy
23,Male,2.6,6.5,3.8,70,Good,4,2,Unhealthy
22,Male,5.7,5.3,4.1,103,Average,6,1,Unhealthy
23,Female,7.1,6.3,0.8,32,Average,3,1,Unhealthy
19,Female,4.3,2.4,4.7,84,Average,8,6,Healthy
19,Male,6.8,6.8,2.5,1,Poor,6,9,Unhealthy
23,Female,6.5,3.9,2.3,17,Average,10,7,Healthy
18,Female,7.4,3.3,1.5,46,Poor,5,5,Unhealthy
21,Male,6.7,3.0,1.3,32,Average,2,2,Unhealthy
19,Female,5.0,8.2,2.0,100,Average,10,1,Unhealthy
23,Female,8.3,4.7,2.9,97,Good,10,2,Healthy
24,Female,6.3,9.1,6.9,83,Average,7,1,Unhealthy
23,Male,6.5,4.9,3.2,34,Poor,2,3,Unhealthy
20,Male,5.1,2.6,4.3,50,Average,1,6,Unhealthy
21,Male,5.8,3.8,4.6,113,Good,7,8,Healthy
22,Female,5.2,8.5,4.2,117,Good,5,3,Healthy
18,Female,6.2,5.7,3.9,17,Average,1,10,Unhealthy
25,Male,9.1,4.9,2.2,109,Average,4,9,Unhealthy
22,Female,4.4,6.3,6.2,87,Poor,4,10,Unhealthy
21,Female,4.1,7.0,6.7,71,Good,10,5,Healthy
21,Female,8.7,8.2,1.5,29,Average,7,7,Healthy
21,Female,6.2,8.9,2.5,43,Average,9,8,Healthy
22,Female,5.5,5.3,3.6,52,Average,2,3,Healthy
24,Male,8.1,3.3,2.6,9,Poor,1,2,Unhealthy
21,Female,5.6,5.2,4.8,86,Good,2,2,Unhealthy
23,Male,9.2,6.5,2.9,51,Poor,7,5,Unhealthy
22,Female,7.5,4.1,7.2,48,Average,10,1,Healthy
25,Male,5.8,4.1,5.8,10,Average,6,2,Unhealthy
21,Female,9.7,6.7,4.3,65,Good,4,9,Unhealthy
23,Male,5.6,5.9,5.5,57,Good,1,7,Healthy
24,Female,7.6,6.1,5.7,89,Average,1,6,Healthy
20,Male,6.9,4.5,3.2,35,Average,5,9,Healthy
24,Female,8.5,5.5,2.8,32,Good,1,7,Healthy
25,Male,8.8,4.2,4.1,46,Poor,7,5,Healthy
21,Female,6.5,7.8,5.3,12,Average,1,9,Healthy
25,Male,5.4,8.1,4.2,39,Average,1,6,Healthy
22,Male,7.2,2.3,1.6,88,Good,2,6,Healthy
19,Female,5.5,4.1,2.8,67,Average,10,4,Unhealthy
21,Female,9.5,3.0,3.9,41,Good,3,1,Healthy
19,Male,6.7,4.7,3.9,18,Average,1,5,Unhealthy
23,Female,6.0,5.8,7.0,81,Average,9,9,Healthy
20,Male,6.8,3.1,1.9,100,Average,10,8,Unhealthy
18,Male,4.5,4.2,4.8,93,Average,8,8,Unhealthy
25,Male,5.0,4.0,6.2,18,Average,5,5,Unhealthy
24,Female,8.3,6.4,7.4,57,Average,2,9,Unhealthy
20,Male,5.5,6.1,3.4,22,Poor,5,3,Healthy
21,Male,4.9,4.6,4.7,53,Good,6,3,Healthy
19,Female,7.3,6.4,4.9,79,Good,1,1,Healthy
24,Female,8.3,4.9,4.3,64,Average,4,9,Healthy
19,Female,7.6,5.5,3.9,11,Average,9,6,Healthy
22,Female,8.0,9.3,4.7,23,Poor,2,2,Unhealthy
19,Male,5.4,8.7,0.2,33,Average,5,8,Unhealthy
22,Male,4.4,3.4,5.0,52,Good,1,9,Unhealthy
23,Male,8.8,7.7,4.2,7,Poor,4,9,Unhealthy
24,Male,6.0,7.6,3.7,17,Poor,4,2,Unhealthy
24,Female,6.1,3.7,7.1,56,Good,6,2,Unhealthy
18,Male,8.5,7.6,3.0,111,Average,10,7,Unhealthy
21,Male,7.3,9.1,3.4,4,Poor,9,4,Unhealthy
22,Female,7.2,3.8,7.0,25,Average,3,1,Healthy
18,Male,9.7,4.2,2.8,29,Average,9,8,Healthy
19,Male,5.5,8.0,3.2,53,Average,6,2,Unhealthy
19,Male,7.9,6.5,3.8,12,Good,7,3,Healthy
18,Male,6.6,7.1,5.3,82,Good,10,5,Unhealthy
24,Male,6.9,6.7,4.3,28,Average,2,3,Unhealthy
19,Male,8.8,6.8,2.1,2,Good,10,7,Healthy
25,Female,7.3,3.3,3.2,89,Average,6,7,Unhealthy
23,Female,7.3,8.1,3.1,103,Good,6,2,Healthy
23,Male,8.1,8.3,3.9,57,Average,2,7,Healthy
25,Male,6.0,5.5,4.6,75,Good,2,6,Healthy
18,Female,5.2,5.9,4.6,1,Good,2,10,Unhealthy
25,Male,4.9,2.9,1.3,74,Poor,10,9,Healthy
22,Male,3.6,7.0,5.6,107,Good,1,9,Unhealthy
22,Male,9.6,7.1,4.4,27,Good,5,2,Healthy
18,Female,4.8,5.9,6.1,81,Good,8,7,Healthy
25,Male,6.2,8.2,4.7,76,Average,2,5,Healthy
22,Female,6.1,5.3,5.7,100,Good,5,6,Healthy
24,Male,7.0,7.1,4.7,85,Good,8,1,Unhealthy
25,Female,7.7,4.0,6.0,75,Average,10,7,Unhealthy
24,Female,7.8,6.0,4.8,1,Good,5,6,Healthy
22,Male,5.6,5.7,3.9,100,Poor,2,4,Healthy
23,Female,6.2,6.5,7.4,6,Poor,3,1,Unhealthy
22,Male,6.9,5.3,5.3,25,Average,6,9,Unhealthy
24,Female,6.1,5.7,4.9,89,Average,5,4,Healthy
20,Male,8.9,7.7,2.1,87,Average,4,2,Unhealthy
21,Male,7.2,5.1,2.1,75,Poor,4,8,Unhealthy
19,Female,7.6,2.8,4.4,15,Good,5,2,Healthy
25,Male,7.5,9.5,4.2,22,Poor,2,5,Healthy
20,Male,8.3,8.8,3.1,39,Poor,9,6,Healthy
22,Female,6.8,3.4,4.2,59,Poor,2,8,Unhealthy
23,Male,4.6,7.4,6.4,72,Average,10,1,Healthy
18,Male,7.1,5.0,5.0,31,Good,2,1,Healthy
22,Female,5.5,6.5,2.3,14,Average,10,4,Healthy
23,Female,5.7,6.6,3.8,100,Good,9,5,Unhealthy
21,Male,7.4,5.5,2.8,12,Poor,3,9,Unhealthy
22,Male,8.4,4.4,3.4,4,Average,10,7,Unhealthy
24,Female,6.5,4.6,3.4,74,Average,7,7,Unhealthy
18,Female,7.0,4.2,3.3,73,Average,4,8,Healthy
23,Male,9.1,4.3,2.1,51,Poor,6,5,Unhealthy
23,Female,6.9,5.9,3.8,76,Average,4,5,Unhealthy
23,Male,10.4,4.6,3.2,40,Average,10,1,Healthy
21,Male,7.3,7.4,-0.4,52,Good,7,9,Healthy
22,Male,3.9,9.0,7.1,109,Average,1,6,Unhealthy
21,Male,7.6,4.8,5.6,49,Poor,3,9,Unhealthy
25,Male,7.1,6.5,3.4,14,Average,3,3,Unhealthy
19,Female,8.4,7.0,4.0,105,Poor,1,5,Healthy
19,Female,7.5,6.9,2.2,119,Good,6,2,Unhealthy
25,Female,6.3,6.2,6.5,6,Average,9,10,Unhealthy
22,Female,4.7,7.5,6.8,39,Poor,8,5,Healthy
24,Male,6.2,7.0,4.2,27,Good,7,8,Healthy
21,Male,5.2,3.5,5.5,31,Average,10,2,Healthy
18,Male,5.6,7.7,4.3,98,Poor,8,8,Unhealthy
23,Male,7.4,7.8,2.0,14,Average,6,4,Unhealthy
23,Female,9.0,4.5,3.4,111,Average,9,10,Healthy
22,Male,7.1,6.1,4.2,99,Good,3,10,Healthy
24,Male,4.7,7.4,3.3,84,Good,10,1,Healthy
19,Female,7.2,5.6,3.7,69,Good,10,5,Unhealthy
19,Female,8.3,8.1,3.9,64,Average,9,1,Healthy
23,Female,5.6,10.7,3.9,3,Average,4,7,Healthy
22,Female,6.3,4.4,4.1,10,Good,7,8,Unhealthy
21,Male,6.5,3.2,2.4,107,Poor,9,3,Unhealthy
19,Male,5.3,6.6,2.9,25,Average,2,3,Unhealthy
21,Female,7.5,7.4,2.1,60,Average,2,7,Healthy
24,Male,6.3,5.5,5.5,36,Poor,9,4,Healthy
19,Male,7.1,8.9,0.8,22,Average,3,3,Healthy
19,Male,5.2,3.3,5.7,92,Good,9,8,Healthy
20,Female,5.8,7.4,6.1,84,Good,5,3,Healthy
19,Male,7.6,4.8,3.5,111,Poor,6,7,Unhealthy
25,Female,5.9,9.4,0.1,108,Poor,2,2,Healthy
18,Male,9.1,10.0,3.5,108,Average,8,1,Healthy
25,Male,5.9,4.5,3.9,112,Good,9,6,Healthy
22,Male,6.8,4.9,2.5,90,Poor,2,8,Healthy
22,Female,7.9,7.7,3.2,102,Good,6,1,Healthy
21,Male,4.4,5.2,6.3,39,Poor,6,10,Unhealthy
25,Female,3.9,5.9,5.0,76,Average,8,9,Healthy
25,Female,4.2,6.1,2.6,22,Average,10,3,Healthy
25,Female,8.4,2.2,1.6,15,Good,5,3,Unhealthy
24,Male,5.7,6.0,3.5,93,Average,9,4,Healthy
19,Male,10.3,4.6,3.7,60,Average,1,1,Healthy
18,Male,5.7,5.0,4.7,67,Average,9,9,Healthy
21,Male,6.8,8.9,3.2,103,Good,10,3,Healthy
25,Female,8.8,3.5,4.8,79,Good,7,10,Healthy
25,Female,9.5,7.6,6.9,30,Poor,4,4,Healthy
20,Female,9.6,5.4,5.2,52,Good,3,1,Unhealthy
21,Male,8.3,5.4,3.9,105,Average,10,4,Healthy
25,Female,8.0,7.6,3.7,24,Poor,6,1,Unhealthy
21,Male,7.4,6.7,3.5,43,Average,1,5,Unhealthy
19,Female,7.7,7.1,5.8,11,Poor,3,5,Unhealthy
20,Male,5.7,7.9,3.1,89,Good,2,7,Healthy
21,Male,5.3,5.3,4.1,100,Good,9,8,Healthy
18,Female,6.5,4.8,4.1,111,Poor,3,4,Unhealthy
18,Female,6.2,3.8,3.2,96,Average,2,7,Unhealthy
22,Female,5.8,4.3,1.9,91,Good,4,4,Unhealthy
20,Female,7.5,11.9,4.5,8,Good,2,3,Healthy
20,Male,7.9,8.5,3.9,11,Average,1,6,Unhealthy
22,Female,6.6,3.3,4.8,68,Good,6,4,Healthy
21,Female,8.7,3.4,3.2,53,Average,10,3,Healthy
20,Female,4.8,7.0,5.8,115,Average,8,9,Healthy
18,Male,6.2,7.1,2.7,53,Good,10,5,Healthy
18,Male,5.4,7.1,6.6,27,Average,10,7,Healthy
25,Female,3.7,5.5,1.4,55,Average,2,6,Healthy
19,Male,6.4,5.7,4.7,98,Average,9,10,Unhealthy
20,Female,6.3,6.7,4.7,68,Good,3,5,Unhealthy
21,Male,8.8,6.2,2.8,97,Good,8,7,Unhealthy
22,Male,7.4,1.6,4.6,109,Average,8,6,Healthy
22,Male,5.0,5.5,5.9,97,Average,3,10,Unhealthy
21,Male,9.3,4.3,0.7,76,Average,3,2,Unhealthy
24,Female,8.3,6.4,4.8,102,Average,6,3,Healthy
23,Female,7.4,12.0,0.3,105,Average,1,2,Healthy
19,Female,6.2,6.7,2.6,108,Good,4,3,Healthy
22,Male,5.1,5.4,6.4,111,Average,1,1,Healthy
20,Female,5.9,7.8,3.1,57,Average,3,8,Unhealthy
19,Female,8.1,7.0,2.2,77,Poor,9,6,Healthy
20,Female,9.3,6.8,3.7,74,Average,5,2,Healthy
24,Male,8.8,7.2,7.1,41,Good,5,8,Unhealthy
18,Male,5.8,10.1,1.3,37,Average,4,6,Unhealthy
19,Male,4.8,3.7,2.4,67,Poor,3,7,Healthy
25,Female,6.7,6.9,6.2,52,Average,5,1,Unhealthy
22,Female,3.8,4.1,6.8,32,Average,4,7,Unhealthy
19,Female,7.0,7.1,3.8,70,Poor,8,3,Unhealthy
19,Male,6.3,4.2,2.1,55,Average,4,8,Unhealthy
19,Male,5.8,5.2,7.1,104,Average,8,6,Healthy
23,Female,4.1,5.4,6.4,71,Average,6,4,Unhealthy
19,Male,7.3,8.0,5.0,100,Average,5,8,Unhealthy
20,Male,5.7,7.8,2.8,50,Average,4,9,Unhealthy
18,Male,4.7,3.5,3.9,73,Good,4,10,Unhealthy
24,Male,2.2,6.1,3.8,42,Average,4,2,Unhealthy
21,Female,6.5,4.6,4.5,14,Average,9,6,Unhealthy
19,Male,9.2,3.5,6.2,37,Average,4,5,Unhealthy
22,Male,9.0,5.6,5.3,14,Average,9,5,Unhealthy
19,Male,5.8,5.4,2.4,4,Good,10,10,Healthy
22,Male,5.6,10.9,6.1,92,Average,6,3,Healthy
20,Female,7.2,6.9,4.5,82,Good,10,8,Healthy
22,Female,5.0,3.2,5.0,53,Poor,7,8,Healthy
25,Male,7.0,4.9,6.2,50,Average,10,5,Healthy
21,Male,7.6,8.0,2.3,9,Good,3,8,Unhealthy
18,Male,8.3,10.2,3.9,11,Average,8,10,Unhealthy
22,Male,6.3,2.8,3.2,117,Average,3,8,Unhealthy
22,Male,6.2,2.2,1.6,3,Average,1,3,Unhealthy
18,Male,5.2,9.7,4.5,94,Good,10,2,Unhealthy
21,Female,5.3,6.8,7.8,17,Poor,5,9,Unhealthy
19,Male,6.2,4.3,1.2,79,Good,2,2,Unhealthy
22,Female,7.1,7.1,4.0,103,Poor,10,9,Unhealthy
18,Female,7.9,0.7,5.0,35,Good,6,4,Healthy
25,Male,5.3,6.0,4.2,24,Average,10,2,Healthy
25,Female,8.7,6.7,3.8,86,Good,9,10,Healthy
20,Female,6.1,7.8,2.1,75,Average,1,1,Unhealthy
18,Female,6.5,4.0,4.3,97,Good,4,4,Unhealthy
20,Female,5.4,6.2,2.9,35,Poor,1,9,Unhealthy
25,Female,2.9,4.1,0.7,100,Poor,1,9,Unhealthy
21,Female,7.8,6.5,5.8,66,Average,8,4,Healthy
19,Male,7.6,4.2,5.4,8,Poor,2,9,Healthy
18,Female,6.1,5.2,4.1,60,Poor,1,6,Unhealthy
24,Female,6.6,4.0,4.3,52,Good,8,1,Unhealthy
25,Female,7.3,7.3,5.6,17,Good,4,10,Healthy
25,Male,4.2,7.7,4.3,42,Average,3,6,Unhealthy
24,Female,5.7,5.5,5.4,34,Good,4,9,Unhealthy
23,Male,7.7,6.1,3.6,62,Average,5,2,Unhealthy
25,Female,4.6,3.1,6.0,118,Average,1,6,Unhealthy
22,Male,6.9,5.4,4.5,97,Good,1,2,Healthy
21,Male,4.5,5.9,4.3,104,Average,3,4,Healthy
18,Female,7.2,11.2,2.1,77,Good,6,8,Healthy
24,Female,6.4,3.8,4.4,3,Average,1,7,Healthy
22,Male,4.1,8.9,2.8,92,Average,2,9,Unhealthy
24,Female,8.2,8.0,3.0,40,Poor,7,7,Unhealthy
18,Male,5.4,6.6,2.8,44,Poor,1,1,Healthy
20,Male,5.3,9.5,2.4,49,Poor,7,2,Unhealthy
18,Male,6.8,6.7,7.2,78,Good,4,6,Healthy
23,Male,8.2,6.8,6.0,27,Good,10,7,Unhealthy
18,Male,5.0,5.9,6.9,41,Good,6,3,Healthy
18,Female,6.6,8.4,2.2,79,Average,8,9,Unhealthy
23,Male,7.1,8.2,4.1,75,Average,9,7,Unhealthy
21,Male,7.5,4.7,2.1,115,Poor,6,6,Unhealthy
25,Female,6.8,3.4,3.0,68,Average,9,6,Healthy
18,Male,5.9,5.6,2.6,97,Average,4,1,Healthy
23,Female,5.3,4.4,5.9,105,Good,6,5,Unhealthy
22,Female,6.6,5.9,3.4,0,Average,8,10,Healthy
20,Female,4.9,8.5,5.6,38,Poor,9,3,Healthy
20,Male,2.1,5.1,4.9,95,Poor,3,7,Healthy
18,Male,7.2,5.9,7.5,89,Poor,2,10,Unhealthy
21,Male,7.9,6.1,1.8,16,Average,6,3,Unhealthy
21,Female,3.0,7.7,5.9,111,Good,4,5,Healthy
22,Male,5.0,1.5,5.7,90,Average,1,7,Healthy
18,Female,7.4,4.8,2.5,87,Good,8,3,Healthy
20,Male,9.6,6.4,5.5,34,Average,9,10,Healthy
21,Female,6.5,8.4,4.5,45,Average,9,2,Unhealthy
18,Male,5.4,5.0,3.7,41,Poor,2,6,Healthy
24,Male,6.2,2.2,2.8,117,Good,9,8,Healthy
21,Male,8.6,7.2,2.9,38,Good,7,4,Unhealthy
23,Female,5.5,4.7,7.1,89,Poor,5,9,Unhealthy
24,Female,5.3,3.6,4.0,48,Average,7,8,Unhealthy
25,Male,5.8,4.8,5.2,61,Average,9,7,Unhealthy
21,Male,5.1,5.6,2.8,37,Average,8,7,Healthy
20,Female,6.7,4.8,2.8,22,Good,6,3,Unhealthy
19,Female,8.9,1.6,5.6,21,Average,4,6,Healthy
24,Female,7.0,7.8,2.0,3,Average,1,5,Unhealthy
25,Male,6.1,8.5,3.4,48,Poor,6,1,Healthy
22,Female,6.1,7.3,4.1,58,Poor,3,3,Unhealthy
22,Male,4.2,3.7,4.2,72,Poor,6,1,Unhealthy
20,Female,7.8,5.6,3.7,67,Poor,6,4,Healthy
21,Male,6.4,6.0,4.6,70,Good,4,10,Unhealthy
18,Female,6.2,7.2,5.0,86,Good,2,3,Healthy
21,Female,11.3,7.3,5.1,1,Poor,9,4,Healthy
20,Female,6.9,4.5,2.5,48,Good,2,9,Healthy
22,Female,5.4,6.2,3.6,87,Poor,3,3,Healthy
21,Female,5.9,6.9,5.8,103,Average,10,6,Healthy
22,Male,8.2,8.9,5.3,118,Average,1,6,Unhealthy
24,Female,6.7,7.4,1.9,94,Average,7,7,Healthy
25,Female,4.3,7.6,4.5,110,Average,1,9,Unhealthy
18,Female,7.9,6.2,1.0,30,Average,9,7,Healthy
24,Male,5.5,8.8,4.1,110,Average,1,1,Healthy
22,Female,9.3,6.8,6.8,39,Good,5,8,Unhealthy
22,Male,8.1,4.3,2.6,47,Poor,7,5,Unhealthy
19,Female,5.8,8.8,2.7,50,Poor,3,9,Unhealthy
19,Female,8.4,7.4,5.1,42,Poor,9,10,Unhealthy
24,Male,6.6,5.1,1.7,97,Average,8,5,Unhealthy
23,Female,7.8,5.0,3.1,54,Poor,3,5,Unhealthy
24,Male,7.2,6.6,4.9,87,Good,5,2,Unhealthy
19,Male,5.2,6.9,3.0,48,Average,7,3,Unhealthy
22,Female,5.5,6.4,3.6,89,Average,4,10,Unhealthy
20,Male,8.0,6.6,5.1,79,Average,5,9,Healthy
24,Female,6.0,9.4,4.6,56,Poor,3,7,Unhealthy
22,Female,5.9,8.1,4.4,110,Poor,9,1,Unhealthy
20,Male,5.1,6.4,3.5,76,Average,10,3,Unhealthy
20,Male,7.1,7.9,4.6,14,Average,9,2,Healthy
19,Male,9.6,3.9,3.8,26,Average,7,1,Healthy
24,Male,4.9,6.8,4.7,67,Poor,10,9,Unhealthy
21,Female,6.5,9.6,3.3,79,Good,2,8,Unhealthy
18,Female,8.6,5.6,3.7,63,Poor,7,5,Unhealthy
19,Male,6.4,4.3,2.5,93,Good,7,2,Healthy
19,Female,7.2,4.7,3.9,107,Good,5,1,Healthy
21,Female,4.9,3.8,2.8,29,Average,9,7,Healthy
18,Female,7.1,4.4,2.3,35,Poor,3,2,Unhealthy
22,Female,6.2,5.3,4.4,66,Poor,4,1,Unhealthy
23,Male,8.0,3.2,4.3,85,Average,1,2,Unhealthy
24,Male,8.3,6.0,5.2,112,Average,6,7,Unhealthy
23,Female,10.4,7.8,3.4,85,Good,4,7,Unhealthy
22,Male,7.4,4.2,4.6,113,Good,1,10,Unhealthy
25,Male,7.0,9.0,4.8,113,Average,2,6,Unhealthy
19,Male,6.8,7.0,4.7,118,Poor,3,5,Unhealthy
18,Female,6.0,8.1,2.8,48,Average,9,3,Unhealthy
19,Female,7.0,4.7,4.2,75,Good,8,3,Healthy
20,Female,6.1,7.7,4.5,54,Average,7,9,Unhealthy
19,Male,6.8,3.8,4.0,84,Poor,4,4,Healthy
19,Female,8.5,7.8,0.9,55,Good,1,9,Healthy
22,Female,5.0,6.3,4.2,67,Average,8,4,Unhealthy
22,Male,8.2,7.1,7.3,94,Good,4,2,Unhealthy
22,Female,8.5,3.6,3.5,43,Average,3,4,Unhealthy
23,Female,6.3,4.2,2.9,30,Poor,9,6,Healthy
20,Male,3.3,7.2,4.6,57,Good,10,6,Healthy
25,Male,5.6,4.1,4.5,86,Average,4,5,Healthy
25,Male,8.4,6.9,5.8,117,Average,4,1,Healthy
22,Female,6.5,3.3,2.1,52,Average,9,3,Healthy
18,Female,5.0,7.7,5.1,83,Poor,2,5,Healthy
23,Female,5.7,3.5,4.9,78,Average,5,6,Healthy
21,Male,7.8,7.1,3.8,22,Poor,4,1,Healthy
18,Male,7.3,7.3,4.5,27,Average,9,9,Healthy
24,Female,6.1,4.6,5.5,15,Average,5,3,Unhealthy
24,Female,5.9,7.2,5.3,36,Good,9,10,Healthy
18,Male,5.9,6.5,2.3,20,Good,9,3,Unhealthy
22,Male,5.1,4.9,5.2,78,Poor,2,2,Unhealthy
21,Male,8.9,4.0,3.9,16,Average,9,8,Healthy
21,Male,6.0,2.1,4.1,113,Average,3,3,Unhealthy
23,Female,8.3,6.7,4.1,36,Poor,4,6,Unhealthy
21,Male,8.8,2.9,3.8,76,Good,1,2,Unhealthy
24,Female,8.0,6.2,5.8,18,Good,1,7,Healthy
20,Female,5.9,5.5,3.9,29,Poor,1,4,Unhealthy
22,Female,7.1,7.4,2.3,44,Average,9,9,Unhealthy
21,Male,6.5,5.4,3.4,17,Poor,8,10,Healthy
23,Male,5.1,5.3,4.3,77,Average,5,9,Healthy
24,Male,7.0,7.5,5.8,61,Poor,5,7,Healthy
20,Male,4.7,6.7,4.9,35,Good,9,8,Unhealthy
19,Female,8.3,6.6,2.7,99,Good,3,3,Healthy
19,Male,5.8,6.9,7.7,83,Average,3,5,Unhealthy
20,Male,6.8,2.9,4.4,51,Average,7,2,Healthy
24,Female,6.9,7.5,5.9,18,Good,9,10,Unhealthy
23,Male,6.1,7.2,3.8,108,Average,6,7,Healthy
20,Female,7.4,4.0,4.8,43,Poor,2,8,Healthy
22,Female,5.8,5.5,5.3,6,Average,1,9,Unhealthy
22,Female,7.8,5.9,5.8,43,Good,2,7,Unhealthy
19,Female,4.5,5.7,5.6,116,Average,1,10,Unhealthy
21,Female,6.7,6.7,5.3,67,Average,10,10,Healthy
23,Female,9.4,8.9,3.5,33,Good,10,8,Healthy
19,Female,5.0,8.2,3.1,65,Good,9,9,Healthy
21,Female,5.5,3.4,4.5,68,Good,10,6,Unhealthy
21,Male,7.3,7.2,5.4,54,Poor,8,10,Unhealthy
25,Male,6.8,8.7,3.7,9,Average,7,2,Unhealthy
22,Male,7.0,6.8,5.6,95,Good,3,2,Healthy
24,Male,7.2,8.2,6.2,41,Good,8,4,Healthy
18,Female,7.5,10.0,2.6,40,Average,2,9,Unhealthy
24,Male,8.2,8.0,2.7,76,Poor,2,7,Unhealthy
18,Female,7.1,6.5,3.8,102,Good,10,2,Healthy
20,Male,6.1,8.1,4.5,68,Good,3,8,Healthy
22,Male,7.5,6.3,3.2,9,Poor,7,7,Healthy
21,Male,9.3,6.0,6.0,9,Average,1,9,Healthy
23,Female,6.3,5.3,4.6,101,Poor,8,8,Unhealthy
18,Male,5.0,9.1,4.1,90,Average,7,3,Healthy
24,Female,8.2,4.4,1.8,59,Poor,4,1,Unhealthy
21,Female,6.3,9.1,2.0,50,Average,5,2,Healthy
18,Male,3.2,7.0,4.4,20,Average,10,2,Healthy
18,Male,7.8,3.2,0.8,7,Average,1,4,Healthy
25,Male,5.7,6.7,5.5,64,Average,4,6,Healthy
18,Female,6.4,1.8,3.8,91,Good,1,4,Healthy
23,Male,7.0,7.3,8.9,112,Average,1,9,Healthy
22,Female,6.8,7.8,7.5,102,Poor,10,4,Healthy
23,Female,7.6,4.8,3.7,77,Good,1,6,Healthy
19,Male,5.8,6.2,3.8,84,Poor,7,6,Healthy
21,Male,7.3,9.9,5.5,29,Good,7,10,Unhealthy
22,Female,6.1,5.0,6.6,84,Good,4,10,Unhealthy
25,Female,7.6,3.9,1.5,48,Average,2,1,Unhealthy
22,Female,7.4,9.0,1.3,8,Good,3,8,Healthy
22,Male,5.1,9.9,3.1,16,Poor,8,3,Healthy
24,Female,8.1,6.0,4.9,68,Average,8,6,Healthy
22,Male,5.7,8.0,4.7,57,Average,6,3,Unhealthy
25,Female,7.7,8.7,5.6,56,Average,10,2,Healthy
23,Female,7.1,4.5,2.2,61,Good,9,5,Healthy
22,Male,9.3,5.0,0.5,94,Poor,9,1,Healthy
20,Female,6.2,8.5,5.3,51,Average,4,9,Healthy
21,Male,6.0,9.4,2.8,60,Average,1,7,Unhealthy
22,Male,6.5,7.1,1.0,39,Average,1,3,Healthy
21,Female,6.0,4.2,4.2,37,Average,10,4,Healthy
20,Male,7.7,10.0,5.2,42,Average,5,6,Healthy
20,Male,4.1,4.9,3.8,62,Good,2,3,Unhealthy
21,Female,4.9,5.3,3.3,18,Poor,6,7,Unhealthy
18,Male,4.9,6.7,3.8,99,Good,7,6,Healthy
19,Male,7.9,9.1,3.4,49,Average,1,9,Healthy
24,Male,9.1,7.7,2.0,32,Good,6,5,Unhealthy
18,Female,6.3,6.8,2.9,12,Good,8,4,Healthy
18,Male,6.2,6.9,4.8,77,Average,5,3,Unhealthy
23,Female,6.6,6.1,4.5,119,Average,7,10,Unhealthy
24,Female,8.2,7.1,4.3,96,Good,10,1,Healthy
24,Male,5.1,0.9,2.5,61,Average,6,3,Healthy
18,Male,6.9,5.4,3.7,92,Good,4,3,Healthy
22,Male,8.0,6.5,0.7,42,Average,7,7,Unhealthy
23,Female,7.3,3.7,4.3,48,Poor,10,7,Healthy
23,Male,6.8,6.8,6.1,35,Average,9,1,Healthy
20,Male,8.0,5.6,1.8,107,Good,10,3,Healthy
25,Male,2.4,9.5,3.1,9,Average,10,8,Unhealthy
24,Male,7.5,9.1,4.5,94,Good,7,9,Healthy
18,Male,5.5,5.1,5.9,5,Good,5,7,Healthy
20,Female,3.8,5.7,3.3,56,Average,7,7,Healthy
21,Female,7.3,5.9,3.0,0,Poor,3,8,Unhealthy
19,Male,8.6,5.1,1.0,70,Good,2,6,Healthy
25,Male,6.3,6.4,4.2,57,Average,5,3,Unhealthy
25,Male,7.9,4.5,7.1,90,Good,4,1,Unhealthy
25,Male,8.9,3.7,4.4,20,Average,5,7,Healthy
23,Female,8.5,7.2,4.0,91,Average,8,1,Healthy
21,Male,9.0,7.3,4.5,79,Good,4,1,Healthy
25,Female,7.6,4.4,4.0,55,Average,9,9,Healthy
21,Female,6.6,7.8,2.8,109,Average,7,10,Unhealthy
22,Male,4.1,4.7,5.2,86,Average,10,7,Unhealthy
25,Female,6.1,6.5,4.3,115,Average,7,4,Unhealthy
19,Female,5.2,7.6,4.0,19,Average,8,6,Healthy
21,Female,9.8,5.9,2.5,101,Good,6,1,Unhealthy
21,Female,6.2,6.9,6.0,53,Average,8,7,Healthy
19,Male,6.7,5.0,5.0,24,Average,3,6,Unhealthy
25,Male,7.3,5.6,3.2,27,Average,10,4,Unhealthy
19,Female,6.6,5.6,5.5,4,Average,10,7,Healthy
21,Male,9.0,4.5,3.3,119,Average,1,3,Healthy
19,Male,5.6,5.6,2.8,20,Good,6,1,Unhealthy
21,Male,6.8,2.9,2.9,17,Good,1,4,Unhealthy
21,Male,5.4,5.0,1.3,46,Average,9,3,Healthy
22,Male,4.5,5.4,4.7,69,Average,2,1,Healthy
18,Female,5.6,5.5,1.3,56,Poor,2,2,Unhealthy
21,Male,6.4,5.5,2.2,92,Average,7,5,Healthy
25,Male,5.9,5.9,0.9,18,Average,2,8,Unhealthy
20,Male,5.5,7.0,3.9,96,Average,10,1,Healthy
